<?xml version="1.0" encoding="UTF-8"?>
<project-private xmlns="http://www.netbeans.org/ns/project-private/1">
    <editor-bookmarks xmlns="http://www.netbeans.org/ns/editor-bookmarks/2" lastBookmarkId="0"/>
    <open-files xmlns="http://www.netbeans.org/ns/projectui-open-files/2">
        <group name="Distancia 22-23">
            <file>file:/C:/Users/sonia/OneDrive%20-%20iesaguadulce.es/EDUCACION/CURSO%202022-2023/ED%20dist%2022-23/Tareas/Tarea5/ingenieriaInversa_2022_2023/src/figuras/Rectangulo.java</file>
            <file>file:/C:/Users/sonia/OneDrive%20-%20iesaguadulce.es/EDUCACION/CURSO%202022-2023/ED%20dist%2022-23/Tareas/Tarea5/ingenieriaInversa_2022_2023/src/figuras/Forma.java</file>
            <file>file:/C:/Users/sonia/OneDrive%20-%20iesaguadulce.es/EDUCACION/CURSO%202022-2023/ED%20dist%2022-23/Tareas/Tarea5/ingenieriaInversa_2022_2023/src/figuras/Cuadrado.java</file>
            <file>file:/C:/Users/sonia/OneDrive%20-%20iesaguadulce.es/EDUCACION/CURSO%202022-2023/ED%20dist%2022-23/Tareas/Tarea5/ingenieriaInversa_2022_2023/src/figuras/Main.java</file>
        </group>
        <group>
            <file>file:/home/fcosueza/Source/DAW/ED/Tareas/Tema%205/ingenieriaInversa_FJS2223/src/figuras/CuadradoFJS2223.java</file>
            <file>file:/home/fcosueza/Source/DAW/ED/Tareas/Tema%205/ingenieriaInversa_FJS2223/src/figuras/Rectangulo.java</file>
            <file>file:/home/fcosueza/Source/DAW/ED/Tareas/Tema%205/ingenieriaInversa_FJS2223/src/figuras/Main.java</file>
            <file>file:/home/fcosueza/Source/DAW/ED/Tareas/Tema%205/ingenieriaInversa_FJS2223/src/figuras/Forma.java</file>
        </group>
    </open-files>
</project-private>
