<?xml version="1.0" encoding="UTF-8"?>
<project-private xmlns="http://www.netbeans.org/ns/project-private/1">
    <editor-bookmarks xmlns="http://www.netbeans.org/ns/editor-bookmarks/2" lastBookmarkId="0"/>
    <open-files xmlns="http://www.netbeans.org/ns/projectui-open-files/2">
        <group>
            <file>file:/home/fcosueza/Source/DAW/PROG/Tareas/Tema%207/Sueza_Rodriguez_Francisco_PROG_Tarea7/src/tarea07/Ejercicio04.java</file>
            <file>file:/home/fcosueza/Source/DAW/PROG/Tareas/Tema%207/Sueza_Rodriguez_Francisco_PROG_Tarea7/src/tarea07/Ejercicio01.java</file>
            <file>file:/home/fcosueza/Source/DAW/PROG/Tareas/Tema%207/Sueza_Rodriguez_Francisco_PROG_Tarea7/src/tarea07/Ejercicio05.java</file>
        </group>
    </open-files>
</project-private>
