<?xml version="1.0" encoding="UTF-8"?>
<project-private xmlns="http://www.netbeans.org/ns/project-private/1">
    <editor-bookmarks xmlns="http://www.netbeans.org/ns/editor-bookmarks/2" lastBookmarkId="0"/>
    <open-files xmlns="http://www.netbeans.org/ns/projectui-open-files/2">
        <group name="soluciones">
            <file>file:/C:/Users/profesorado/OneDrive%20-%20iesaguadulce.es/I.E.S.%20Aguadulce%202023-2024/DWES/UT02/dwes02_sol/src/dbfuncs.php</file>
            <file>file:/C:/Users/profesorado/OneDrive%20-%20iesaguadulce.es/I.E.S.%20Aguadulce%202023-2024/DWES/UT02/dwes02_sol/usuarios.php</file>
            <file>file:/C:/Users/profesorado/OneDrive%20-%20iesaguadulce.es/I.E.S.%20Aguadulce%202023-2024/DWES/UT02/dwes02_sol/etc/conf.php</file>
        </group>
        <group>
            <file>file:/home/fcosueza/Source/DAW/DWES/php-projects/dwes03/sesiones/etc/conf.php</file>
            <file>file:/home/fcosueza/Source/DAW/DWES/php-projects/dwes03/sesiones/seguimientocontactado.php</file>
            <file>file:/home/fcosueza/Source/DAW/DWES/php-projects/dwes03/sesiones/registrarseguimiento.php</file>
            <file>file:/home/fcosueza/Source/DAW/DWES/php-projects/dwes03/sesiones/src/userauth.php</file>
            <file>file:/home/fcosueza/Source/DAW/DWES/php-projects/dwes03/sesiones/detalleusuario.php</file>
            <file>file:/home/fcosueza/Source/DAW/DWES/php-projects/dwes03/sesiones/archivarseguimiento.php</file>
        </group>
    </open-files>
</project-private>
