<?xml version="1.0" encoding="UTF-8"?>
<project-private xmlns="http://www.netbeans.org/ns/project-private/1">
    <editor-bookmarks xmlns="http://www.netbeans.org/ns/editor-bookmarks/2" lastBookmarkId="0"/>
    <open-files xmlns="http://www.netbeans.org/ns/projectui-open-files/2">
        <group>
            <file>file:/home/fcosueza/Source/DAW/PROG/Tareas/Tema%201/Sueza_Rodriguez_Francisco_PROG01_Tarea01/src/tarea01/Ejercicio1.java</file>
            <file>file:/home/fcosueza/Source/DAW/PROG/Tareas/Tema%201/Sueza_Rodriguez_Francisco_PROG01_Tarea01/src/tarea01/Ejercicio4.java</file>
            <file>file:/home/fcosueza/Source/DAW/PROG/Tareas/Tema%201/Sueza_Rodriguez_Francisco_PROG01_Tarea01/src/tarea01/Ejercicio5.java</file>
            <file>file:/home/fcosueza/Source/DAW/PROG/Tareas/Tema%201/Sueza_Rodriguez_Francisco_PROG01_Tarea01/src/tarea01/Ejercicio2.java</file>
            <file>file:/home/fcosueza/Source/DAW/PROG/Tareas/Tema%201/Sueza_Rodriguez_Francisco_PROG01_Tarea01/src/tarea01/Ejercicio3.java</file>
        </group>
    </open-files>
</project-private>
